{"global_step": 1624, "_timestamp": 1724879788.799385, "_runtime": 17.66759705543518, "_step": 75, "charts/learning_rate": 0.00024948769714683294, "losses/value_loss": 891564224.0, "losses/policy_loss": -0.0038131307810544968, "losses/entropy": 2.757488489151001, "losses/old_approx_kl": 0.009175626561045647, "losses/approx_kl": 0.0010722605511546135, "losses/clipfrac": 0.0, "losses/explained_variance": 0.0, "charts/SPS": 116.0, "charts/episodic_return": 538025.125, "charts/episodic_length": 334.0, "_wandb": {"runtime": 17}}